{"stats":{"minecraft:dropped":{"minecraft:packed_ice":2,"minecraft:chest":1,"minecraft:glass":1,"minecraft:netherrack":1},"minecraft:used":{"minecraft:light_blue_carpet":4,"minecraft:redstone_torch":38,"minecraft:sticky_piston":8,"minecraft:oak_fence":4,"minecraft:glass":66,"minecraft:lever":6,"minecraft:water_bucket":19,"minecraft:packed_ice":157,"minecraft:flint_and_steel":8,"minecraft:jungle_fence_gate":1,"minecraft:slime_block":30,"minecraft:grass_block":9,"minecraft:powered_rail":174,"minecraft:redstone":105,"minecraft:polished_andesite":4,"minecraft:oak_sign":15,"minecraft:detector_rail":1,"minecraft:chest":21,"minecraft:redstone_block":20,"minecraft:hopper_minecart":17,"minecraft:netherrack":30,"minecraft:acacia_fence_gate":5,"minecraft:jungle_sign":4,"minecraft:repeater":9,"minecraft:rail":9,"minecraft:comparator":27,"minecraft:hopper":311,"minecraft:lime_stained_glass":245,"minecraft:furnace":112,"minecraft:white_stained_glass":218,"minecraft:acacia_fence":1,"minecraft:light_gray_glazed_terracotta":128,"minecraft:stone_brick_wall":102,"minecraft:magenta_carpet":21,"minecraft:observer":5,"minecraft:smooth_stone":565,"minecraft:polished_diorite":6,"minecraft:gray_stained_glass":5},"minecraft:custom":{"minecraft:time_since_rest":114026,"minecraft:sprint_one_cm":1652,"minecraft:interact_with_furnace":51,"minecraft:walk_one_cm":8800,"minecraft:drop":5,"minecraft:inspect_hopper":112,"minecraft:fly_one_cm":697691,"minecraft:open_chest":39,"minecraft:play_one_minute":114026,"minecraft:crouch_one_cm":3360,"minecraft:sneak_time":13341,"minecraft:jump":70,"minecraft:leave_game":3,"minecraft:walk_on_water_one_cm":26,"minecraft:time_since_death":114026},"minecraft:picked_up":{"minecraft:magenta_carpet":146,"minecraft:redstone":2,"minecraft:oak_sign":1,"minecraft:smooth_stone":64,"minecraft:light_blue_carpet":3,"minecraft:lever":1,"minecraft:beef":541,"minecraft:redstone_torch":5,"minecraft:powered_rail":2,"minecraft:chest":1}},"DataVersion":1976}